CounterReadingID;CounterID_ASTA;SequenceNumber;StartTime;EndTime;Visits;ASTA_Counters.CounterID_PAVE;ASTA_Counters.Name_ASTA;ASTA_Counters.InstallationDate;ASTA_Counters.NationalParkCode;ASTA_Counters.Municipality;ASTA_Counters.RegionalUnit;ASTA_Counters.RegionalEntity;PAVE_Counters.Globalid;PAVE_Counters.Name;PAVE_Counters.Manager;PAVE_Counters.AdditionalInfo;PAVE_Counters.CoordinateNorth;PAVE_Counters.CoordinateEast
263345;1099;4;19/07/2013 15:00;19/07/2013 16:00;0;190927;Varkaankuru 2013;12/07/2013 00:00;34361;273;800;800022;{47664E5F-0E50-4F64-B000-77D8A61BC5BA};Röhkömukka Varkaankurulle kävijälaskuri (kesä);J. Ylläsjärvi;EcoCounter;7500782;381166
263349;1099;8;19/07/2013 19:00;19/07/2013 20:00;0;190927;Varkaankuru 2013;12/07/2013 00:00;34361;273;800;800022;{47664E5F-0E50-4F64-B000-77D8A61BC5BA};Röhkömukka Varkaankurulle kävijälaskuri (kesä);J. Ylläsjärvi;EcoCounter;7500782;381166
263350;1099;9;19/07/2013 20:00;19/07/2013 21:00;0;190927;Varkaankuru 2013;12/07/2013 00:00;34361;273;800;800022;{47664E5F-0E50-4F64-B000-77D8A61BC5BA};Röhkömukka Varkaankurulle kävijälaskuri (kesä);J. Ylläsjärvi;EcoCounter;7500782;381166
263351;1099;10;19/07/2013 21:00;19/07/2013 22:00;0;190927;Varkaankuru 2013;12/07/2013 00:00;34361;273;800;800022;{47664E5F-0E50-4F64-B000-77D8A61BC5BA};Röhkömukka Varkaankurulle kävijälaskuri (kesä);J. Ylläsjärvi;EcoCounter;7500782;381166
263352;1099;11;19/07/2013 22:00;19/07/2013 23:00;0;190927;Varkaankuru 2013;12/07/2013 00:00;34361;273;800;800022;{47664E5F-0E50-4F64-B000-77D8A61BC5BA};Röhkömukka Varkaankurulle kävijälaskuri (kesä);J. Ylläsjärvi;EcoCounter;7500782;381166
263353;1099;12;19/07/2013 23:00;20/07/2013 00:00;0;190927;Varkaankuru 2013;12/07/2013 00:00;34361;273;800;800022;{47664E5F-0E50-4F64-B000-77D8A61BC5BA};Röhkömukka Varkaankurulle kävijälaskuri (kesä);J. Ylläsjärvi;EcoCounter;7500782;381166
263354;1099;13;20/07/2013 00:00;20/07/2013 01:00;0;190927;Varkaankuru 2013;12/07/2013 00:00;34361;273;800;800022;{47664E5F-0E50-4F64-B000-77D8A61BC5BA};Röhkömukka Varkaankurulle kävijälaskuri (kesä);J. Ylläsjärvi;EcoCounter;7500782;381166
263355;1099;14;20/07/2013 01:00;20/07/2013 02:00;0;190927;Varkaankuru 2013;12/07/2013 00:00;34361;273;800;800022;{47664E5F-0E50-4F64-B000-77D8A61BC5BA};Röhkömukka Varkaankurulle kävijälaskuri (kesä);J. Ylläsjärvi;EcoCounter;7500782;381166
263356;1099;15;20/07/2013 02:00;20/07/2013 03:00;0;190927;Varkaankuru 2013;12/07/2013 00:00;34361;273;800;800022;{47664E5F-0E50-4F64-B000-77D8A61BC5BA};Röhkömukka Varkaankurulle kävijälaskuri (kesä);J. Ylläsjärvi;EcoCounter;7500782;381166
263357;1099;16;20/07/2013 03:00;20/07/2013 04:00;0;190927;Varkaankuru 2013;12/07/2013 00:00;34361;273;800;800022;{47664E5F-0E50-4F64-B000-77D8A61BC5BA};Röhkömukka Varkaankurulle kävijälaskuri (kesä);J. Ylläsjärvi;EcoCounter;7500782;381166
263358;1099;17;20/07/2013 04:00;20/07/2013 05:00;0;190927;Varkaankuru 2013;12/07/2013 00:00;34361;273;800;800022;{47664E5F-0E50-4F64-B000-77D8A61BC5BA};Röhkömukka Varkaankurulle kävijälaskuri (kesä);J. Ylläsjärvi;EcoCounter;7500782;381166
263359;1099;18;20/07/2013 05:00;20/07/2013 06:00;0;190927;Varkaankuru 2013;12/07/2013 00:00;34361;273;800;800022;{47664E5F-0E50-4F64-B000-77D8A61BC5BA};Röhkömukka Varkaankurulle kävijälaskuri (kesä);J. Ylläsjärvi;EcoCounter;7500782;381166
263360;1099;19;20/07/2013 06:00;20/07/2013 07:00;0;190927;Varkaankuru 2013;12/07/2013 00:00;34361;273;800;800022;{47664E5F-0E50-4F64-B000-77D8A61BC5BA};Röhkömukka Varkaankurulle kävijälaskuri (kesä);J. Ylläsjärvi;EcoCounter;7500782;381166
263361;1099;20;20/07/2013 07:00;20/07/2013 08:00;0;190927;Varkaankuru 2013;12/07/2013 00:00;34361;273;800;800022;{47664E5F-0E50-4F64-B000-77D8A61BC5BA};Röhkömukka Varkaankurulle kävijälaskuri (kesä);J. Ylläsjärvi;EcoCounter;7500782;381166
263370;1099;29;20/07/2013 16:00;20/07/2013 17:00;0;190927;Varkaankuru 2013;12/07/2013 00:00;34361;273;800;800022;{47664E5F-0E50-4F64-B000-77D8A61BC5BA};Röhkömukka Varkaankurulle kävijälaskuri (kesä);J. Ylläsjärvi;EcoCounter;7500782;381166
263372;1099;31;20/07/2013 18:00;20/07/2013 19:00;0;190927;Varkaankuru 2013;12/07/2013 00:00;34361;273;800;800022;{47664E5F-0E50-4F64-B000-77D8A61BC5BA};Röhkömukka Varkaankurulle kävijälaskuri (kesä);J. Ylläsjärvi;EcoCounter;7500782;381166
263373;1099;32;20/07/2013 19:00;20/07/2013 20:00;0;190927;Varkaankuru 2013;12/07/2013 00:00;34361;273;800;800022;{47664E5F-0E50-4F64-B000-77D8A61BC5BA};Röhkömukka Varkaankurulle kävijälaskuri (kesä);J. Ylläsjärvi;EcoCounter;7500782;381166
263374;1099;33;20/07/2013 20:00;20/07/2013 21:00;0;190927;Varkaankuru 2013;12/07/2013 00:00;34361;273;800;800022;{47664E5F-0E50-4F64-B000-77D8A61BC5BA};Röhkömukka Varkaankurulle kävijälaskuri (kesä);J. Ylläsjärvi;EcoCounter;7500782;381166
263375;1099;34;20/07/2013 21:00;20/07/2013 22:00;0;190927;Varkaankuru 2013;12/07/2013 00:00;34361;273;800;800022;{47664E5F-0E50-4F64-B000-77D8A61BC5BA};Röhkömukka Varkaankurulle kävijälaskuri (kesä);J. Ylläsjärvi;EcoCounter;7500782;381166
263376;         ;35;20/07/2013 22:00;20/07/2013 23:00;0;190927;Varkaankuru 2013;12/07/2013 00:00;34361;273;800;800022;{47664E5F-0E50-4F64-B000-77D8A61BC5BA};Röhkömukka Varkaankurulle kävijälaskuri (kesä);J. Ylläsjärvi;EcoCounter;7500782;381166
263377;1099;36;20/07/2013 23:00;21/07/2013 00:00;0;190927;Varkaankuru 2013;12/07/2013 00:00;34361;273;800;800022;{47664E5F-0E50-4F64-B000-77D8A61BC5BA};Röhkömukka Varkaankurulle kävijälaskuri (kesä);J. Ylläsjärvi;EcoCounter;7500782;381166
263378;1099;37;21/07/2013 00:00;21/07/2013 01:00;0;190927;Varkaankuru 2013;12/07/2013 00:00;34361;273;800;800022;{47664E5F-0E50-4F64-B000-77D8A61BC5BA};Röhkömukka Varkaankurulle kävijälaskuri (kesä);J. Ylläsjärvi;EcoCounter;7500782;381166
263379;1099;38;21/07/2013 01:00;21/07/2013 02:00;0;190927;Varkaankuru 2013;12/07/2013 00:00;34361;273;800;800022;{47664E5F-0E50-4F64-B000-77D8A61BC5BA};Röhkömukka Varkaankurulle kävijälaskuri (kesä);J. Ylläsjärvi;EcoCounter;7500782;381166
263380;1099;39;21/07/2013 02:00;21/07/2013 03:00;0;190927;Varkaankuru 2013;12/07/2013 00:00;34361;273;800;800022;{47664E5F-0E50-4F64-B000-77D8A61BC5BA};Röhkömukka Varkaankurulle kävijälaskuri (kesä);J. Ylläsjärvi;EcoCounter;7500782;381166
263381;1099;40;21/07/2013 03:00;21/07/2013 04:00;0;190927;Varkaankuru 2013;12/07/2013 00:00;34361;273;800;800022;{47664E5F-0E50-4F64-B000-77D8A61BC5BA};Röhkömukka Varkaankurulle kävijälaskuri (kesä);J. Ylläsjärvi;EcoCounter;7500782;381166
263382;1099;41;21/07/2013 04:00;21/07/2013 05:00;0;190927;Varkaankuru 2013;12/07/2013 00:00;34361;273;800;800022;{47664E5F-0E50-4F64-B000-77D8A61BC5BA};Röhkömukka Varkaankurulle kävijälaskuri (kesä);J. Ylläsjärvi;EcoCounter;7500782;381166
263383;1099;42;21/07/2013 05:00;21/07/2013 06:00;0;190927;Varkaankuru 2013;12/07/2013 00:00;34361;273;800;800022;{47664E5F-0E50-4F64-B000-77D8A61BC5BA};Röhkömukka Varkaankurulle kävijälaskuri (kesä);J. Ylläsjärvi;EcoCounter;7500782;381166
263384;1099;43;21/07/2013 06:00;21/07/2013 07:00;0;190927;Varkaankuru 2013;12/07/2013 00:00;34361;273;800;800022;{47664E5F-0E50-4F64-B000-77D8A61BC5BA};Röhkömukka Varkaankurulle kävijälaskuri (kesä);J. Ylläsjärvi;EcoCounter;7500782;381166
263385;1099;44;21/07/2013 07:00;21/07/2013 08:00;0;190927;Varkaankuru 2013;12/07/2013 00:00;34361;273;800;800022;{47664E5F-0E50-4F64-B000-77D8A61BC5BA};Röhkömukka Varkaankurulle kävijälaskuri (kesä);J. Ylläsjärvi;EcoCounter;7500782;381166
263386;1099;45;21/07/2013 08:00;21/07/2013 09:00;0;190927;Varkaankuru 2013;12/07/2013 00:00;34361;273;800;800022;{47664E5F-0E50-4F64-B000-77D8A61BC5BA};Röhkömukka Varkaankurulle kävijälaskuri (kesä);J. Ylläsjärvi;EcoCounter;7500782;381166
263393;1099;52;21/07/2013 15:00;21/07/2013 16:00;0;190927;Varkaankuru 2013;12/07/2013 00:00;34361;273;800;800022;{47664E5F-0E50-4F64-B000-77D8A61BC5BA};Röhkömukka Varkaankurulle kävijälaskuri (kesä);J. Ylläsjärvi;EcoCounter;7500782;381166
263394;1099;53;21/07/2013 16:00;21/07/2013 17:00;0;190927;Varkaankuru 2013;12/07/2013 00:00;34361;273;800;800022;{47664E5F-0E50-4F64-B000-77D8A61BC5BA};Röhkömukka Varkaankurulle kävijälaskuri (kesä);J. Ylläsjärvi;EcoCounter;7500782;381166
263395;1099;54;21/07/2013 17:00;21/07/2013 18:00;0;190927;Varkaankuru 2013;12/07/2013 00:00;34361;273;800;800022;{47664E5F-0E50-4F64-B000-77D8A61BC5BA};Röhkömukka Varkaankurulle kävijälaskuri (kesä);J. Ylläsjärvi;EcoCounter;7500782;381166
263396;1099;55;21/07/2013 18:00;21/07/2013 19:00;0;190927;Varkaankuru 2013;12/07/2013 00:00;34361;273;800;800022;{47664E5F-0E50-4F64-B000-77D8A61BC5BA};Röhkömukka Varkaankurulle kävijälaskuri (kesä);J. Ylläsjärvi;EcoCounter;7500782;381166
263398;1099;57;21/07/2013 20:00;21/07/2013 21:00;0;190927;Varkaankuru 2013;12/07/2013 00:00;34361;273;800;800022;{47664E5F-0E50-4F64-B000-77D8A61BC5BA};Röhkömukka Varkaankurulle kävijälaskuri (kesä);J. Ylläsjärvi;EcoCounter;7500782;381166
263399;1099;58;21/07/2013 21:00;21/07/2013 22:00;0;190927;Varkaankuru 2013;12/07/2013 00:00;34361;273;800;800022;{47664E5F-0E50-4F64-B000-77D8A61BC5BA};Röhkömukka Varkaankurulle kävijälaskuri (kesä);J. Ylläsjärvi;EcoCounter;7500782;381166
263400;1099;59;21/07/2013 22:00;21/07/2013 23:00;0;190927;Varkaankuru 2013;12/07/2013 00:00;34361;273;800;800022;{47664E5F-0E50-4F64-B000-77D8A61BC5BA};Röhkömukka Varkaankurulle kävijälaskuri (kesä);J. Ylläsjärvi;EcoCounter;7500782;381166
263401;1099;60;21/07/2013 23:00;22/07/2013 00:00;0;190927;Varkaankuru 2013;12/07/2013 00:00;34361;273;800;800022;{47664E5F-0E50-4F64-B000-77D8A61BC5BA};Röhkömukka Varkaankurulle kävijälaskuri (kesä);J. Ylläsjärvi;EcoCounter;7500782;381166
263402;1099;61;22/07/2013 00:00;22/07/2013 01:00;0;190927;Varkaankuru 2013;12/07/2013 00:00;34361;273;800;800022;{47664E5F-0E50-4F64-B000-77D8A61BC5BA};Röhkömukka Varkaankurulle kävijälaskuri (kesä);J. Ylläsjärvi;EcoCounter;7500782;381166
263403;1099;62;22/07/2013 01:00;22/07/2013 02:00;0;190927;Varkaankuru 2013;12/07/2013 00:00;34361;273;800;800022;{47664E5F-0E50-4F64-B000-77D8A61BC5BA};Röhkömukka Varkaankurulle kävijälaskuri (kesä);J. Ylläsjärvi;EcoCounter;7500782;381166
263404;1099;63;22/07/2013 02:00;22/07/2013 03:00;0;190927;Varkaankuru 2013;12/07/2013 00:00;34361;273;800;800022;{47664E5F-0E50-4F64-B000-77D8A61BC5BA};Röhkömukka Varkaankurulle kävijälaskuri (kesä);J. Ylläsjärvi;EcoCounter;7500782;381166
263405;1099;64;22/07/2013 03:00;22/07/2013 04:00;0;190927;Varkaankuru 2013;12/07/2013 00:00;34361;273;800;800022;{47664E5F-0E50-4F64-B000-77D8A61BC5BA};Röhkömukka Varkaankurulle kävijälaskuri (kesä);J. Ylläsjärvi;EcoCounter;7500782;381166
263406;1099;65;22/07/2013 04:00;22/07/2013 05:00;0;190927;Varkaankuru 2013;12/07/2013 00:00;34361;273;800;800022;{47664E5F-0E50-4F64-B000-77D8A61BC5BA};Röhkömukka Varkaankurulle kävijälaskuri (kesä);J. Ylläsjärvi;EcoCounter;7500782;381166
263407;1099;66;22/07/2013 05:00;22/07/2013 06:00;0;190927;Varkaankuru 2013;12/07/2013 00:00;34361;273;800;800022;{47664E5F-0E50-4F64-B000-77D8A61BC5BA};Röhkömukka Varkaankurulle kävijälaskuri (kesä);J. Ylläsjärvi;EcoCounter;7500782;381166
263408;1099;67;22/07/2013 06:00;22/07/2013 07:00;0;190927;Varkaankuru 2013;12/07/2013 00:00;34361;273;800;800022;{47664E5F-0E50-4F64-B000-77D8A61BC5BA};Röhkömukka Varkaankurulle kävijälaskuri (kesä);J. Ylläsjärvi;EcoCounter;7500782;381166
263409;1099;68;22/07/2013 07:00;22/07/2013 08:00;0;190927;Varkaankuru 2013;12/07/2013 00:00;34361;273;800;800022;{47664E5F-0E50-4F64-B000-77D8A61BC5BA};Röhkömukka Varkaankurulle kävijälaskuri (kesä);J. Ylläsjärvi;EcoCounter;7500782;381166
263411;1099;70;22/07/2013 09:00;22/07/2013 10:00;0;190927;Varkaankuru 2013;12/07/2013 00:00;34361;273;800;800022;{47664E5F-0E50-4F64-B000-77D8A61BC5BA};Röhkömukka Varkaankurulle kävijälaskuri (kesä);J. Ylläsjärvi;EcoCounter;7500782;381166
263414;1099;73;22/07/2013 12:00;22/07/2013 13:00;0;190927;Varkaankuru 2013;12/07/2013 00:00;34361;273;800;800022;{47664E5F-0E50-4F64-B000-77D8A61BC5BA};Röhkömukka Varkaankurulle kävijälaskuri (kesä);J. Ylläsjärvi;EcoCounter;7500782;381166
263419;1099;78;22/07/2013 17:00;22/07/2013 18:00;0;190927;Varkaankuru 2013;12/07/2013 00:00;34361;273;800;800022;{47664E5F-0E50-4F64-B000-77D8A61BC5BA};Röhkömukka Varkaankurulle kävijälaskuri (kesä);J. Ylläsjärvi;EcoCounter;7500782;381166
263421;1099;80;22/07/2013 19:00;22/07/2013 20:00;0;190927;Varkaankuru 2013;12/07/2013 00:00;34361;273;800;800022;{47664E5F-0E50-4F64-B000-77D8A61BC5BA};Röhkömukka Varkaankurulle kävijälaskuri (kesä);J. Ylläsjärvi;EcoCounter;7500782;381166
263422;1099;81;22/07/2013 20:00;22/07/2013 21:00;0;190927;Varkaankuru 2013;12/07/2013 00:00;34361;273;800;800022;{47664E5F-0E50-4F64-B000-77D8A61BC5BA};Röhkömukka Varkaankurulle kävijälaskuri (kesä);J. Ylläsjärvi;EcoCounter;7500782;381166
263423;1099;82;22/07/2013 21:00;22/07/2013 22:00;0;190927;Varkaankuru 2013;12/07/2013 00:00;34361;273;800;800022;{47664E5F-0E50-4F64-B000-77D8A61BC5BA};Röhkömukka Varkaankurulle kävijälaskuri (kesä);J. Ylläsjärvi;EcoCounter;7500782;381166
263424;1099;83;22/07/2013 22:00;22/07/2013 23:00;0;190927;Varkaankuru 2013;12/07/2013 00:00;34361;273;800;800022;{47664E5F-0E50-4F64-B000-77D8A61BC5BA};Röhkömukka Varkaankurulle kävijälaskuri (kesä);J. Ylläsjärvi;EcoCounter;7500782;381166
263425;1099;84;22/07/2013 23:00;23/07/2013 00:00;0;190927;Varkaankuru 2013;12/07/2013 00:00;34361;273;800;800022;{47664E5F-0E50-4F64-B000-77D8A61BC5BA};Röhkömukka Varkaankurulle kävijälaskuri (kesä);J. Ylläsjärvi;EcoCounter;7500782;381166
263426;1099;85;23/07/2013 00:00;23/07/2013 01:00;0;190927;Varkaankuru 2013;12/07/2013 00:00;34361;273;800;800022;{47664E5F-0E50-4F64-B000-77D8A61BC5BA};Röhkömukka Varkaankurulle kävijälaskuri (kesä);J. Ylläsjärvi;EcoCounter;7500782;381166
263427;1099;86;23/07/2013 01:00;23/07/2013 02:00;0;190927;Varkaankuru 2013;12/07/2013 00:00;34361;273;800;800022;{47664E5F-0E50-4F64-B000-77D8A61BC5BA};Röhkömukka Varkaankurulle kävijälaskuri (kesä);J. Ylläsjärvi;EcoCounter;7500782;381166
263428;1099;87;23/07/2013 02:00;23/07/2013 03:00;0;190927;Varkaankuru 2013;12/07/2013 00:00;34361;273;800;800022;{47664E5F-0E50-4F64-B000-77D8A61BC5BA};Röhkömukka Varkaankurulle kävijälaskuri (kesä);J. Ylläsjärvi;EcoCounter;7500782;381166
263429;1099;88;23/07/2013 03:00;23/07/2013 04:00;0;190927;Varkaankuru 2013;12/07/2013 00:00;34361;273;800;800022;{47664E5F-0E50-4F64-B000-77D8A61BC5BA};Röhkömukka Varkaankurulle kävijälaskuri (kesä);J. Ylläsjärvi;EcoCounter;7500782;381166
263430;1099;89;23/07/2013 04:00;23/07/2013 05:00;0;190927;Varkaankuru 2013;12/07/2013 00:00;34361;273;800;800022;{47664E5F-0E50-4F64-B000-77D8A61BC5BA};Röhkömukka Varkaankurulle kävijälaskuri (kesä);J. Ylläsjärvi;EcoCounter;7500782;381166
263431;1099;90;23/07/2013 05:00;23/07/2013 06:00;0;190927;Varkaankuru 2013;12/07/2013 00:00;34361;273;800;800022;{47664E5F-0E50-4F64-B000-77D8A61BC5BA};Röhkömukka Varkaankurulle kävijälaskuri (kesä);J. Ylläsjärvi;EcoCounter;7500782;381166
263432;1099;91;23/07/2013 06:00;23/07/2013 07:00;0;190927;Varkaankuru 2013;12/07/2013 00:00;34361;273;800;800022;{47664E5F-0E50-4F64-B000-77D8A61BC5BA};Röhkömukka Varkaankurulle kävijälaskuri (kesä);J. Ylläsjärvi;EcoCounter;7500782;381166
263433;1099;92;23/07/2013 07:00;23/07/2013 08:00;0;190927;Varkaankuru 2013;12/07/2013 00:00;34361;273;800;800022;{47664E5F-0E50-4F64-B000-77D8A61BC5BA};Röhkömukka Varkaankurulle kävijälaskuri (kesä);J. Ylläsjärvi;EcoCounter;7500782;381166
263434;1099;93;23/07/2013 08:00;23/07/2013 09:00;0;190927;Varkaankuru 2013;12/07/2013 00:00;34361;273;800;800022;{47664E5F-0E50-4F64-B000-77D8A61BC5BA};Röhkömukka Varkaankurulle kävijälaskuri (kesä);J. Ylläsjärvi;EcoCounter;7500782;381166
263435;1099;94;23/07/2013 09:00;23/07/2013 10:00;0;190927;Varkaankuru 2013;12/07/2013 00:00;34361;273;800;800022;{47664E5F-0E50-4F64-B000-77D8A61BC5BA};Röhkömukka Varkaankurulle kävijälaskuri (kesä);J. Ylläsjärvi;EcoCounter;7500782;381166
263441;1099;100;23/07/2013 15:00;23/07/2013 16:00;0;190927;Varkaankuru 2013;12/07/2013 00:00;34361;273;800;800022;{47664E5F-0E50-4F64-B000-77D8A61BC5BA};Röhkömukka Varkaankurulle kävijälaskuri (kesä);J. Ylläsjärvi;EcoCounter;7500782;381166
263443;1099;102;23/07/2013 17:00;23/07/2013 18:00;0;190927;Varkaankuru 2013;12/07/2013 00:00;34361;273;800;800022;{47664E5F-0E50-4F64-B000-77D8A61BC5BA};Röhkömukka Varkaankurulle kävijälaskuri (kesä);J. Ylläsjärvi;EcoCounter;7500782;381166
263446;1099;105;23/07/2013 20:00;23/07/2013 21:00;0;190927;Varkaankuru 2013;12/07/2013 00:00;34361;273;800;800022;{47664E5F-0E50-4F64-B000-77D8A61BC5BA};Röhkömukka Varkaankurulle kävijälaskuri (kesä);J. Ylläsjärvi;EcoCounter;7500782;381166
263447;1099;106;23/07/2013 21:00;23/07/2013 22:00;0;190927;Varkaankuru 2013;12/07/2013 00:00;34361;273;800;800022;{47664E5F-0E50-4F64-B000-77D8A61BC5BA};Röhkömukka Varkaankurulle kävijälaskuri (kesä);J. Ylläsjärvi;EcoCounter;7500782;381166
263448;1099;107;23/07/2013 22:00;23/07/2013 23:00;0;190927;Varkaankuru 2013;12/07/2013 00:00;34361;273;800;800022;{47664E5F-0E50-4F64-B000-77D8A61BC5BA};Röhkömukka Varkaankurulle kävijälaskuri (kesä);J. Ylläsjärvi;EcoCounter;7500782;381166
263449;1099;108;23/07/2013 23:00;24/07/2013 00:00;0;190927;Varkaankuru 2013;12/07/2013 00:00;34361;273;800;800022;{47664E5F-0E50-4F64-B000-77D8A61BC5BA};Röhkömukka Varkaankurulle kävijälaskuri (kesä);J. Ylläsjärvi;EcoCounter;7500782;381166
263450;1099;109;24/07/2013 00:00;24/07/2013 01:00;0;190927;Varkaankuru 2013;12/07/2013 00:00;34361;273;800;800022;{47664E5F-0E50-4F64-B000-77D8A61BC5BA};Röhkömukka Varkaankurulle kävijälaskuri (kesä);J. Ylläsjärvi;EcoCounter;7500782;381166
263451;1099;110;24/07/2013 01:00;24/07/2013 02:00;0;190927;Varkaankuru 2013;12/07/2013 00:00;34361;273;800;800022;{47664E5F-0E50-4F64-B000-77D8A61BC5BA};Röhkömukka Varkaankurulle kävijälaskuri (kesä);J. Ylläsjärvi;EcoCounter;7500782;381166
263452;1099;111;24/07/2013 02:00;24/07/2013 03:00;0;190927;Varkaankuru 2013;12/07/2013 00:00;34361;273;800;800022;{47664E5F-0E50-4F64-B000-77D8A61BC5BA};Röhkömukka Varkaankurulle kävijälaskuri (kesä);J. Ylläsjärvi;EcoCounter;7500782;381166
263453;1099;112;24/07/2013 03:00;24/07/2013 04:00;0;190927;Varkaankuru 2013;12/07/2013 00:00;34361;273;800;800022;{47664E5F-0E50-4F64-B000-77D8A61BC5BA};Röhkömukka Varkaankurulle kävijälaskuri (kesä);J. Ylläsjärvi;EcoCounter;7500782;381166
263454;1099;113;24/07/2013 04:00;24/07/2013 05:00;0;190927;Varkaankuru 2013;12/07/2013 00:00;34361;273;800;800022;{47664E5F-0E50-4F64-B000-77D8A61BC5BA};Röhkömukka Varkaankurulle kävijälaskuri (kesä);J. Ylläsjärvi;EcoCounter;7500782;381166
263455;1099;114;24/07/2013 05:00;24/07/2013 06:00;0;190927;Varkaankuru 2013;12/07/2013 00:00;34361;273;800;800022;{47664E5F-0E50-4F64-B000-77D8A61BC5BA};Röhkömukka Varkaankurulle kävijälaskuri (kesä);J. Ylläsjärvi;EcoCounter;7500782;381166
263456;1099;115;24/07/2013 06:00;24/07/2013 07:00;0;190927;Varkaankuru 2013;12/07/2013 00:00;34361;273;800;800022;{47664E5F-0E50-4F64-B000-77D8A61BC5BA};Röhkömukka Varkaankurulle kävijälaskuri (kesä);J. Ylläsjärvi;EcoCounter;7500782;381166
263457;1099;116;24/07/2013 07:00;24/07/2013 08:00;0;190927;Varkaankuru 2013;12/07/2013 00:00;34361;273;800;800022;{47664E5F-0E50-4F64-B000-77D8A61BC5BA};Röhkömukka Varkaankurulle kävijälaskuri (kesä);J. Ylläsjärvi;EcoCounter;7500782;381166
263458;1099;117;24/07/2013 08:00;24/07/2013 09:00;0;190927;Varkaankuru 2013;12/07/2013 00:00;34361;273;800;800022;{47664E5F-0E50-4F64-B000-77D8A61BC5BA};Röhkömukka Varkaankurulle kävijälaskuri (kesä);J. Ylläsjärvi;EcoCounter;7500782;381166
263465;1099;124;24/07/2013 15:00;24/07/2013 16:00;0;190927;Varkaankuru 2013;12/07/2013 00:00;34361;273;800;800022;{47664E5F-0E50-4F64-B000-77D8A61BC5BA};Röhkömukka Varkaankurulle kävijälaskuri (kesä);J. Ylläsjärvi;EcoCounter;7500782;381166
263466;1099;125;24/07/2013 16:00;24/07/2013 17:00;0;190927;Varkaankuru 2013;12/07/2013 00:00;34361;273;800;800022;{47664E5F-0E50-4F64-B000-77D8A61BC5BA};Röhkömukka Varkaankurulle kävijälaskuri (kesä);J. Ylläsjärvi;EcoCounter;7500782;381166
263467;1099;126;24/07/2013 17:00;24/07/2013 18:00;0;190927;Varkaankuru 2013;12/07/2013 00:00;34361;273;800;800022;{47664E5F-0E50-4F64-B000-77D8A61BC5BA};Röhkömukka Varkaankurulle kävijälaskuri (kesä);J. Ylläsjärvi;EcoCounter;7500782;381166
263468;1099;127;24/07/2013 18:00;24/07/2013 19:00;0;190927;Varkaankuru 2013;12/07/2013 00:00;34361;273;800;800022;{47664E5F-0E50-4F64-B000-77D8A61BC5BA};Röhkömukka Varkaankurulle kävijälaskuri (kesä);J. Ylläsjärvi;EcoCounter;7500782;381166
263469;1099;128;24/07/2013 19:00;24/07/2013 20:00;0;190927;Varkaankuru 2013;12/07/2013 00:00;34361;273;800;800022;{47664E5F-0E50-4F64-B000-77D8A61BC5BA};Röhkömukka Varkaankurulle kävijälaskuri (kesä);J. Ylläsjärvi;EcoCounter;7500782;381166
263470;1099;129;24/07/2013 20:00;24/07/2013 21:00;0;190927;Varkaankuru 2013;12/07/2013 00:00;34361;273;800;800022;{47664E5F-0E50-4F64-B000-77D8A61BC5BA};Röhkömukka Varkaankurulle kävijälaskuri (kesä);J. Ylläsjärvi;EcoCounter;7500782;381166
263471;1099;130;24/07/2013 21:00;24/07/2013 22:00;0;190927;Varkaankuru 2013;12/07/2013 00:00;34361;273;800;800022;{47664E5F-0E50-4F64-B000-77D8A61BC5BA};Röhkömukka Varkaankurulle kävijälaskuri (kesä);J. Ylläsjärvi;EcoCounter;7500782;381166
263472;1099;131;24/07/2013 22:00;24/07/2013 23:00;0;190927;Varkaankuru 2013;12/07/2013 00:00;34361;273;800;800022;{47664E5F-0E50-4F64-B000-77D8A61BC5BA};Röhkömukka Varkaankurulle kävijälaskuri (kesä);J. Ylläsjärvi;EcoCounter;7500782;381166
263473;1099;132;24/07/2013 23:00;25/07/2013 00:00;0;190927;Varkaankuru 2013;12/07/2013 00:00;34361;273;800;800022;{47664E5F-0E50-4F64-B000-77D8A61BC5BA};Röhkömukka Varkaankurulle kävijälaskuri (kesä);J. Ylläsjärvi;EcoCounter;7500782;381166
263474;1099;133;25/07/2013 00:00;25/07/2013 01:00;0;190927;Varkaankuru 2013;12/07/2013 00:00;34361;273;800;800022;{47664E5F-0E50-4F64-B000-77D8A61BC5BA};Röhkömukka Varkaankurulle kävijälaskuri (kesä);J. Ylläsjärvi;EcoCounter;7500782;381166
263475;1099;134;25/07/2013 01:00;25/07/2013 02:00;0;190927;Varkaankuru 2013;12/07/2013 00:00;34361;273;800;800022;{47664E5F-0E50-4F64-B000-77D8A61BC5BA};Röhkömukka Varkaankurulle kävijälaskuri (kesä);J. Ylläsjärvi;EcoCounter;7500782;381166
263476;1099;135;25/07/2013 02:00;25/07/2013 03:00;0;190927;Varkaankuru 2013;12/07/2013 00:00;34361;273;800;800022;{47664E5F-0E50-4F64-B000-77D8A61BC5BA};Röhkömukka Varkaankurulle kävijälaskuri (kesä);J. Ylläsjärvi;EcoCounter;7500782;381166
263477;1099;136;25/07/2013 03:00;25/07/2013 04:00;0;190927;Varkaankuru 2013;12/07/2013 00:00;34361;273;800;800022;{47664E5F-0E50-4F64-B000-77D8A61BC5BA};Röhkömukka Varkaankurulle kävijälaskuri (kesä);J. Ylläsjärvi;EcoCounter;7500782;381166
263478;1099;137;25/07/2013 04:00;25/07/2013 05:00;0;190927;Varkaankuru 2013;12/07/2013 00:00;34361;273;800;800022;{47664E5F-0E50-4F64-B000-77D8A61BC5BA};Röhkömukka Varkaankurulle kävijälaskuri (kesä);J. Ylläsjärvi;EcoCounter;7500782;381166
263479;1099;138;25/07/2013 05:00;25/07/2013 06:00;0;190927;Varkaankuru 2013;12/07/2013 00:00;34361;273;800;800022;{47664E5F-0E50-4F64-B000-77D8A61BC5BA};Röhkömukka Varkaankurulle kävijälaskuri (kesä);J. Ylläsjärvi;EcoCounter;7500782;381166
263480;1099;139;25/07/2013 06:00;25/07/2013 07:00;0;190927;Varkaankuru 2013;12/07/2013 00:00;34361;273;800;800022;{47664E5F-0E50-4F64-B000-77D8A61BC5BA};Röhkömukka Varkaankurulle kävijälaskuri (kesä);J. Ylläsjärvi;EcoCounter;7500782;381166
263487;1099;146;25/07/2013 13:00;25/07/2013 14:00;0;190927;Varkaankuru 2013;12/07/2013 00:00;34361;273;800;800022;{47664E5F-0E50-4F64-B000-77D8A61BC5BA};Röhkömukka Varkaankurulle kävijälaskuri (kesä);J. Ylläsjärvi;EcoCounter;7500782;381166
263488;1099;147;25/07/2013 14:00;25/07/2013 15:00;0;190927;Varkaankuru 2013;12/07/2013 00:00;34361;273;800;800022;{47664E5F-0E50-4F64-B000-77D8A61BC5BA};Röhkömukka Varkaankurulle kävijälaskuri (kesä);J. Ylläsjärvi;EcoCounter;7500782;381166
263491;1099;150;25/07/2013 17:00;25/07/2013 18:00;0;190927;Varkaankuru 2013;12/07/2013 00:00;34361;273;800;800022;{47664E5F-0E50-4F64-B000-77D8A61BC5BA};Röhkömukka Varkaankurulle kävijälaskuri (kesä);J. Ylläsjärvi;EcoCounter;7500782;381166
263492;1099;151;25/07/2013 18:00;25/07/2013 19:00;0;190927;Varkaankuru 2013;12/07/2013 00:00;34361;273;800;800022;{47664E5F-0E50-4F64-B000-77D8A61BC5BA};Röhkömukka Varkaankurulle kävijälaskuri (kesä);J. Ylläsjärvi;EcoCounter;7500782;381166
263493;1099;152;25/07/2013 19:00;25/07/2013 20:00;0;190927;Varkaankuru 2013;12/07/2013 00:00;34361;273;800;800022;{47664E5F-0E50-4F64-B000-77D8A61BC5BA};Röhkömukka Varkaankurulle kävijälaskuri (kesä);J. Ylläsjärvi;EcoCounter;7500782;381166
263494;1099;153;25/07/2013 20:00;25/07/2013 21:00;0;190927;Varkaankuru 2013;12/07/2013 00:00;34361;273;800;800022;{47664E5F-0E50-4F64-B000-77D8A61BC5BA};Röhkömukka Varkaankurulle kävijälaskuri (kesä);J. Ylläsjärvi;EcoCounter;7500782;381166
263495;1099;154;25/07/2013 21:00;25/07/2013 22:00;0;190927;Varkaankuru 2013;12/07/2013 00:00;34361;273;800;800022;{47664E5F-0E50-4F64-B000-77D8A61BC5BA};Röhkömukka Varkaankurulle kävijälaskuri (kesä);J. Ylläsjärvi;EcoCounter;7500782;381166
263496;1099;155;25/07/2013 22:00;25/07/2013 23:00;0;190927;Varkaankuru 2013;12/07/2013 00:00;34361;273;800;800022;{47664E5F-0E50-4F64-B000-77D8A61BC5BA};Röhkömukka Varkaankurulle kävijälaskuri (kesä);J. Ylläsjärvi;EcoCounter;7500782;381166
263498;1099;157;26/07/2013 00:00;26/07/2013 01:00;0;190927;Varkaankuru 2013;12/07/2013 00:00;34361;273;800;800022;{47664E5F-0E50-4F64-B000-77D8A61BC5BA};Röhkömukka Varkaankurulle kävijälaskuri (kesä);J. Ylläsjärvi;EcoCounter;7500782;381166
263499;1099;158;26/07/2013 01:00;26/07/2013 02:00;0;190927;Varkaankuru 2013;12/07/2013 00:00;34361;273;800;800022;{47664E5F-0E50-4F64-B000-77D8A61BC5BA};Röhkömukka Varkaankurulle kävijälaskuri (kesä);J. Ylläsjärvi;EcoCounter;7500782;381166
263500;1099;159;26/07/2013 02:00;26/07/2013 03:00;0;190927;Varkaankuru 2013;12/07/2013 00:00;34361;273;800;800022;{47664E5F-0E50-4F64-B000-77D8A61BC5BA};Röhkömukka Varkaankurulle kävijälaskuri (kesä);J. Ylläsjärvi;EcoCounter;7500782;381166
263501;1099;160;26/07/2013 03:00;26/07/2013 04:00;0;190927;Varkaankuru 2013;12/07/2013 00:00;34361;273;800;800022;{47664E5F-0E50-4F64-B000-77D8A61BC5BA};Röhkömukka Varkaankurulle kävijälaskuri (kesä);J. Ylläsjärvi;EcoCounter;7500782;381166
263502;1099;161;26/07/2013 04:00;26/07/2013 05:00;0;190927;Varkaankuru 2013;12/07/2013 00:00;34361;273;800;800022;{47664E5F-0E50-4F64-B000-77D8A61BC5BA};Röhkömukka Varkaankurulle kävijälaskuri (kesä);J. Ylläsjärvi;EcoCounter;7500782;381166
263503;1099;162;26/07/2013 05:00;26/07/2013 06:00;0;190927;Varkaankuru 2013;12/07/2013 00:00;34361;273;800;800022;{47664E5F-0E50-4F64-B000-77D8A61BC5BA};Röhkömukka Varkaankurulle kävijälaskuri (kesä);J. Ylläsjärvi;EcoCounter;7500782;381166
263504;1099;163;26/07/2013 06:00;26/07/2013 07:00;0;190927;Varkaankuru 2013;12/07/2013 00:00;34361;273;800;800022;{47664E5F-0E50-4F64-B000-77D8A61BC5BA};Röhkömukka Varkaankurulle kävijälaskuri (kesä);J. Ylläsjärvi;EcoCounter;7500782;381166
263505;1099;164;26/07/2013 07:00;26/07/2013 08:00;0;190927;Varkaankuru 2013;12/07/2013 00:00;34361;273;800;800022;{47664E5F-0E50-4F64-B000-77D8A61BC5BA};Röhkömukka Varkaankurulle kävijälaskuri (kesä);J. Ylläsjärvi;EcoCounter;7500782;381166
263507;1099;166;26/07/2013 09:00;26/07/2013 10:00;0;190927;Varkaankuru 2013;12/07/2013 00:00;34361;273;800;800022;{47664E5F-0E50-4F64-B000-77D8A61BC5BA};Röhkömukka Varkaankurulle kävijälaskuri (kesä);J. Ylläsjärvi;EcoCounter;7500782;381166
263508;1099;167;26/07/2013 10:00;26/07/2013 11:00;0;190927;Varkaankuru 2013;12/07/2013 00:00;34361;273;800;800022;{47664E5F-0E50-4F64-B000-77D8A61BC5BA};Röhkömukka Varkaankurulle kävijälaskuri (kesä);J. Ylläsjärvi;EcoCounter;7500782;381166
263510;1099;169;26/07/2013 12:00;26/07/2013 13:00;0;190927;Varkaankuru 2013;12/07/2013 00:00;34361;273;800;800022;{47664E5F-0E50-4F64-B000-77D8A61BC5BA};Röhkömukka Varkaankurulle kävijälaskuri (kesä);J. Ylläsjärvi;EcoCounter;7500782;381166
263512;1099;171;26/07/2013 14:00;26/07/2013 15:00;0;190927;Varkaankuru 2013;12/07/2013 00:00;34361;273;800;800022;{47664E5F-0E50-4F64-B000-77D8A61BC5BA};Röhkömukka Varkaankurulle kävijälaskuri (kesä);J. Ylläsjärvi;EcoCounter;7500782;381166
263515;1099;174;26/07/2013 17:00;26/07/2013 18:00;0;190927;Varkaankuru 2013;12/07/2013 00:00;34361;273;800;800022;{47664E5F-0E50-4F64-B000-77D8A61BC5BA};Röhkömukka Varkaankurulle kävijälaskuri (kesä);J. Ylläsjärvi;EcoCounter;7500782;381166
263516;1099;175;26/07/2013 18:00;26/07/2013 19:00;0;190927;Varkaankuru 2013;12/07/2013 00:00;34361;273;800;800022;{47664E5F-0E50-4F64-B000-77D8A61BC5BA};Röhkömukka Varkaankurulle kävijälaskuri (kesä);J. Ylläsjärvi;EcoCounter;7500782;381166
263517;1099;176;26/07/2013 19:00;26/07/2013 20:00;0;190927;Varkaankuru 2013;12/07/2013 00:00;34361;273;800;800022;{47664E5F-0E50-4F64-B000-77D8A61BC5BA};Röhkömukka Varkaankurulle kävijälaskuri (kesä);J. Ylläsjärvi;EcoCounter;7500782;381166
263518;1099;177;26/07/2013 20:00;26/07/2013 21:00;0;190927;Varkaankuru 2013;12/07/2013 00:00;34361;273;800;800022;{47664E5F-0E50-4F64-B000-77D8A61BC5BA};Röhkömukka Varkaankurulle kävijälaskuri (kesä);J. Ylläsjärvi;EcoCounter;7500782;381166
263519;1099;178;26/07/2013 21:00;26/07/2013 22:00;0;190927;Varkaankuru 2013;12/07/2013 00:00;34361;273;800;800022;{47664E5F-0E50-4F64-B000-77D8A61BC5BA};Röhkömukka Varkaankurulle kävijälaskuri (kesä);J. Ylläsjärvi;EcoCounter;7500782;381166
263520;1099;179;26/07/2013 22:00;26/07/2013 23:00;0;190927;Varkaankuru 2013;12/07/2013 00:00;34361;273;800;800022;{47664E5F-0E50-4F64-B000-77D8A61BC5BA};Röhkömukka Varkaankurulle kävijälaskuri (kesä);J. Ylläsjärvi;EcoCounter;7500782;381166
263521;1099;180;26/07/2013 23:00;27/07/2013 00:00;0;190927;Varkaankuru 2013;12/07/2013 00:00;34361;273;800;800022;{47664E5F-0E50-4F64-B000-77D8A61BC5BA};Röhkömukka Varkaankurulle kävijälaskuri (kesä);J. Ylläsjärvi;EcoCounter;7500782;381166
263522;1099;181;27/07/2013 00:00;27/07/2013 01:00;0;190927;Varkaankuru 2013;12/07/2013 00:00;34361;273;800;800022;{47664E5F-0E50-4F64-B000-77D8A61BC5BA};Röhkömukka Varkaankurulle kävijälaskuri (kesä);J. Ylläsjärvi;EcoCounter;7500782;381166
263523;1099;182;27/07/2013 01:00;27/07/2013 02:00;0;190927;Varkaankuru 2013;12/07/2013 00:00;34361;273;800;800022;{47664E5F-0E50-4F64-B000-77D8A61BC5BA};Röhkömukka Varkaankurulle kävijälaskuri (kesä);J. Ylläsjärvi;EcoCounter;7500782;381166
263524;1099;183;27/07/2013 02:00;27/07/2013 03:00;0;190927;Varkaankuru 2013;12/07/2013 00:00;34361;273;800;800022;{47664E5F-0E50-4F64-B000-77D8A61BC5BA};Röhkömukka Varkaankurulle kävijälaskuri (kesä);J. Ylläsjärvi;EcoCounter;7500782;381166
263525;1099;184;27/07/2013 03:00;27/07/2013 04:00;0;190927;Varkaankuru 2013;12/07/2013 00:00;34361;273;800;800022;{47664E5F-0E50-4F64-B000-77D8A61BC5BA};Röhkömukka Varkaankurulle kävijälaskuri (kesä);J. Ylläsjärvi;EcoCounter;7500782;381166
263526;1099;185;27/07/2013 04:00;27/07/2013 05:00;0;190927;Varkaankuru 2013;12/07/2013 00:00;34361;273;800;800022;{47664E5F-0E50-4F64-B000-77D8A61BC5BA};Röhkömukka Varkaankurulle kävijälaskuri (kesä);J. Ylläsjärvi;EcoCounter;7500782;381166
263527;1099;186;27/07/2013 05:00;27/07/2013 06:00;0;190927;Varkaankuru 2013;12/07/2013 00:00;34361;273;800;800022;{47664E5F-0E50-4F64-B000-77D8A61BC5BA};Röhkömukka Varkaankurulle kävijälaskuri (kesä);J. Ylläsjärvi;EcoCounter;7500782;381166
263528;1099;187;27/07/2013 06:00;27/07/2013 07:00;0;190927;Varkaankuru 2013;12/07/2013 00:00;34361;273;800;800022;{47664E5F-0E50-4F64-B000-77D8A61BC5BA};Röhkömukka Varkaankurulle kävijälaskuri (kesä);J. Ylläsjärvi;EcoCounter;7500782;381166
263529;1099;188;27/07/2013 07:00;27/07/2013 08:00;0;190927;Varkaankuru 2013;12/07/2013 00:00;34361;273;800;800022;{47664E5F-0E50-4F64-B000-77D8A61BC5BA};Röhkömukka Varkaankurulle kävijälaskuri (kesä);J. Ylläsjärvi;EcoCounter;7500782;381166
263530;1099;189;27/07/2013 08:00;27/07/2013 09:00;0;190927;Varkaankuru 2013;12/07/2013 00:00;34361;273;800;800022;{47664E5F-0E50-4F64-B000-77D8A61BC5BA};Röhkömukka Varkaankurulle kävijälaskuri (kesä);J. Ylläsjärvi;EcoCounter;7500782;381166
263534;1099;193;27/07/2013 12:00;27/07/2013 13:00;0;190927;Varkaankuru 2013;12/07/2013 00:00;34361;273;800;800022;{47664E5F-0E50-4F64-B000-77D8A61BC5BA};Röhkömukka Varkaankurulle kävijälaskuri (kesä);J. Ylläsjärvi;EcoCounter;7500782;381166
263535;1099;194;27/07/2013 13:00;27/07/2013 14:00;0;190927;Varkaankuru 2013;12/07/2013 00:00;34361;273;800;800022;{47664E5F-0E50-4F64-B000-77D8A61BC5BA};Röhkömukka Varkaankurulle kävijälaskuri (kesä);J. Ylläsjärvi;EcoCounter;7500782;381166
263536;1099;195;27/07/2013 14:00;27/07/2013 15:00;0;190927;Varkaankuru 2013;12/07/2013 00:00;34361;273;800;800022;{47664E5F-0E50-4F64-B000-77D8A61BC5BA};Röhkömukka Varkaankurulle kävijälaskuri (kesä);J. Ylläsjärvi;EcoCounter;7500782;381166
263538;1099;197;27/07/2013 16:00;27/07/2013 17:00;0;190927;Varkaankuru 2013;12/07/2013 00:00;34361;273;800;800022;{47664E5F-0E50-4F64-B000-77D8A61BC5BA};Röhkömukka Varkaankurulle kävijälaskuri (kesä);J. Ylläsjärvi;EcoCounter;7500782;381166
263539;1099;198;27/07/2013 17:00;27/07/2013 18:00;0;190927;Varkaankuru 2013;12/07/2013 00:00;34361;273;800;800022;{47664E5F-0E50-4F64-B000-77D8A61BC5BA};Röhkömukka Varkaankurulle kävijälaskuri (kesä);J. Ylläsjärvi;EcoCounter;7500782;381166
263540;1099;199;27/07/2013 18:00;27/07/2013 19:00;0;190927;Varkaankuru 2013;12/07/2013 00:00;34361;273;800;800022;{47664E5F-0E50-4F64-B000-77D8A61BC5BA};Röhkömukka Varkaankurulle kävijälaskuri (kesä);J. Ylläsjärvi;EcoCounter;7500782;381166
263542;1099;201;27/07/2013 20:00;27/07/2013 21:00;0;190927;Varkaankuru 2013;12/07/2013 00:00;34361;273;800;800022;{47664E5F-0E50-4F64-B000-77D8A61BC5BA};Röhkömukka Varkaankurulle kävijälaskuri (kesä);J. Ylläsjärvi;EcoCounter;7500782;381166
263543;1099;202;27/07/2013 21:00;27/07/2013 22:00;0;190927;Varkaankuru 2013;12/07/2013 00:00;34361;273;800;800022;{47664E5F-0E50-4F64-B000-77D8A61BC5BA};Röhkömukka Varkaankurulle kävijälaskuri (kesä);J. Ylläsjärvi;EcoCounter;7500782;381166
263544;1099;203;27/07/2013 22:00;27/07/2013 23:00;0;190927;Varkaankuru 2013;12/07/2013 00:00;34361;273;800;800022;{47664E5F-0E50-4F64-B000-77D8A61BC5BA};Röhkömukka Varkaankurulle kävijälaskuri (kesä);J. Ylläsjärvi;EcoCounter;7500782;381166
263545;1099;204;27/07/2013 23:00;28/07/2013 00:00;0;190927;Varkaankuru 2013;12/07/2013 00:00;34361;273;800;800022;{47664E5F-0E50-4F64-B000-77D8A61BC5BA};Röhkömukka Varkaankurulle kävijälaskuri (kesä);J. Ylläsjärvi;EcoCounter;7500782;381166
263546;1099;205;28/07/2013 00:00;28/07/2013 01:00;0;190927;Varkaankuru 2013;12/07/2013 00:00;34361;273;800;800022;{47664E5F-0E50-4F64-B000-77D8A61BC5BA};Röhkömukka Varkaankurulle kävijälaskuri (kesä);J. Ylläsjärvi;EcoCounter;7500782;381166
263547;1099;206;28/07/2013 01:00;28/07/2013 02:00;0;190927;Varkaankuru 2013;12/07/2013 00:00;34361;273;800;800022;{47664E5F-0E50-4F64-B000-77D8A61BC5BA};Röhkömukka Varkaankurulle kävijälaskuri (kesä);J. Ylläsjärvi;EcoCounter;7500782;381166
263548;1099;207;28/07/2013 02:00;28/07/2013 03:00;0;190927;Varkaankuru 2013;12/07/2013 00:00;34361;273;800;800022;{47664E5F-0E50-4F64-B000-77D8A61BC5BA};Röhkömukka Varkaankurulle kävijälaskuri (kesä);J. Ylläsjärvi;EcoCounter;7500782;381166
263549;1099;208;28/07/2013 03:00;28/07/2013 04:00;0;190927;Varkaankuru 2013;12/07/2013 00:00;34361;273;800;800022;{47664E5F-0E50-4F64-B000-77D8A61BC5BA};Röhkömukka Varkaankurulle kävijälaskuri (kesä);J. Ylläsjärvi;EcoCounter;7500782;381166
263550;1099;209;28/07/2013 04:00;28/07/2013 05:00;0;190927;Varkaankuru 2013;12/07/2013 00:00;34361;273;800;800022;{47664E5F-0E50-4F64-B000-77D8A61BC5BA};Röhkömukka Varkaankurulle kävijälaskuri (kesä);J. Ylläsjärvi;EcoCounter;7500782;381166
263551;1099;210;28/07/2013 05:00;28/07/2013 06:00;0;190927;Varkaankuru 2013;12/07/2013 00:00;34361;273;800;800022;{47664E5F-0E50-4F64-B000-77D8A61BC5BA};Röhkömukka Varkaankurulle kävijälaskuri (kesä);J. Ylläsjärvi;EcoCounter;7500782;381166
263552;1099;211;28/07/2013 06:00;28/07/2013 07:00;0;190927;Varkaankuru 2013;12/07/2013 00:00;34361;273;800;800022;{47664E5F-0E50-4F64-B000-77D8A61BC5BA};Röhkömukka Varkaankurulle kävijälaskuri (kesä);J. Ylläsjärvi;EcoCounter;7500782;381166
263553;1099;212;28/07/2013 07:00;28/07/2013 08:00;0;190927;Varkaankuru 2013;12/07/2013 00:00;34361;273;800;800022;{47664E5F-0E50-4F64-B000-77D8A61BC5BA};Röhkömukka Varkaankurulle kävijälaskuri (kesä);J. Ylläsjärvi;EcoCounter;7500782;381166
263554;1099;213;28/07/2013 08:00;28/07/2013 09:00;0;190927;Varkaankuru 2013;12/07/2013 00:00;34361;273;800;800022;{47664E5F-0E50-4F64-B000-77D8A61BC5BA};Röhkömukka Varkaankurulle kävijälaskuri (kesä);J. Ylläsjärvi;EcoCounter;7500782;381166
263557;1099;216;28/07/2013 11:00;28/07/2013 12:00;0;190927;Varkaankuru 2013;12/07/2013 00:00;34361;273;800;800022;{47664E5F-0E50-4F64-B000-77D8A61BC5BA};Röhkömukka Varkaankurulle kävijälaskuri (kesä);J. Ylläsjärvi;EcoCounter;7500782;381166
263560;1099;219;28/07/2013 14:00;28/07/2013 15:00;0;190927;Varkaankuru 2013;12/07/2013 00:00;34361;273;800;800022;{47664E5F-0E50-4F64-B000-77D8A61BC5BA};Röhkömukka Varkaankurulle kävijälaskuri (kesä);J. Ylläsjärvi;EcoCounter;7500782;381166
263561;1099;220;28/07/2013 15:00;28/07/2013 16:00;0;190927;Varkaankuru 2013;12/07/2013 00:00;34361;273;800;800022;{47664E5F-0E50-4F64-B000-77D8A61BC5BA};Röhkömukka Varkaankurulle kävijälaskuri (kesä);J. Ylläsjärvi;EcoCounter;7500782;381166
263562;1099;221;28/07/2013 16:00;28/07/2013 17:00;0;190927;Varkaankuru 2013;12/07/2013 00:00;34361;273;800;800022;{47664E5F-0E50-4F64-B000-77D8A61BC5BA};Röhkömukka Varkaankurulle kävijälaskuri (kesä);J. Ylläsjärvi;EcoCounter;7500782;381166
263564;1099;223;28/07/2013 18:00;28/07/2013 19:00;0;190927;Varkaankuru 2013;12/07/2013 00:00;34361;273;800;800022;{47664E5F-0E50-4F64-B000-77D8A61BC5BA};Röhkömukka Varkaankurulle kävijälaskuri (kesä);J. Ylläsjärvi;EcoCounter;7500782;381166
263566;1099;225;28/07/2013 20:00;28/07/2013 21:00;0;190927;Varkaankuru 2013;12/07/2013 00:00;34361;273;800;800022;{47664E5F-0E50-4F64-B000-77D8A61BC5BA};Röhkömukka Varkaankurulle kävijälaskuri (kesä);J. Ylläsjärvi;EcoCounter;7500782;381166
263567;1099;226;28/07/2013 21:00;28/07/2013 22:00;0;190927;Varkaankuru 2013;12/07/2013 00:00;34361;273;800;800022;{47664E5F-0E50-4F64-B000-77D8A61BC5BA};Röhkömukka Varkaankurulle kävijälaskuri (kesä);J. Ylläsjärvi;EcoCounter;7500782;381166
263568;1099;227;28/07/2013 22:00;28/07/2013 23:00;0;190927;Varkaankuru 2013;12/07/2013 00:00;34361;273;800;800022;{47664E5F-0E50-4F64-B000-77D8A61BC5BA};Röhkömukka Varkaankurulle kävijälaskuri (kesä);J. Ylläsjärvi;EcoCounter;7500782;381166
263569;1099;228;28/07/2013 23:00;29/07/2013 00:00;0;190927;Varkaankuru 2013;12/07/2013 00:00;34361;273;800;800022;{47664E5F-0E50-4F64-B000-77D8A61BC5BA};Röhkömukka Varkaankurulle kävijälaskuri (kesä);J. Ylläsjärvi;EcoCounter;7500782;381166
263570;1099;229;29/07/2013 00:00;29/07/2013 01:00;0;190927;Varkaankuru 2013;12/07/2013 00:00;34361;273;800;800022;{47664E5F-0E50-4F64-B000-77D8A61BC5BA};Röhkömukka Varkaankurulle kävijälaskuri (kesä);J. Ylläsjärvi;EcoCounter;7500782;381166
263571;1099;230;29/07/2013 01:00;29/07/2013 02:00;0;190927;Varkaankuru 2013;12/07/2013 00:00;34361;273;800;800022;{47664E5F-0E50-4F64-B000-77D8A61BC5BA};Röhkömukka Varkaankurulle kävijälaskuri (kesä);J. Ylläsjärvi;EcoCounter;7500782;381166
263572;1099;231;29/07/2013 02:00;29/07/2013 03:00;0;190927;Varkaankuru 2013;12/07/2013 00:00;34361;273;800;800022;{47664E5F-0E50-4F64-B000-77D8A61BC5BA};Röhkömukka Varkaankurulle kävijälaskuri (kesä);J. Ylläsjärvi;EcoCounter;7500782;381166
263573;1099;232;29/07/2013 03:00;29/07/2013 04:00;0;190927;Varkaankuru 2013;12/07/2013 00:00;34361;273;800;800022;{47664E5F-0E50-4F64-B000-77D8A61BC5BA};Röhkömukka Varkaankurulle kävijälaskuri (kesä);J. Ylläsjärvi;EcoCounter;7500782;381166
263574;1099;233;29/07/2013 04:00;29/07/2013 05:00;0;190927;Varkaankuru 2013;12/07/2013 00:00;34361;273;800;800022;{47664E5F-0E50-4F64-B000-77D8A61BC5BA};Röhkömukka Varkaankurulle kävijälaskuri (kesä);J. Ylläsjärvi;EcoCounter;7500782;381166
263575;1099;234;29/07/2013 05:00;29/07/2013 06:00;0;190927;Varkaankuru 2013;12/07/2013 00:00;34361;273;800;800022;{47664E5F-0E50-4F64-B000-77D8A61BC5BA};Röhkömukka Varkaankurulle kävijälaskuri (kesä);J. Ylläsjärvi;EcoCounter;7500782;381166
263576;1099;235;29/07/2013 06:00;29/07/2013 07:00;0;190927;Varkaankuru 2013;12/07/2013 00:00;34361;273;800;800022;{47664E5F-0E50-4F64-B000-77D8A61BC5BA};Röhkömukka Varkaankurulle kävijälaskuri (kesä);J. Ylläsjärvi;EcoCounter;7500782;381166
263577;1099;236;29/07/2013 07:00;29/07/2013 08:00;0;190927;Varkaankuru 2013;12/07/2013 00:00;34361;273;800;800022;{47664E5F-0E50-4F64-B000-77D8A61BC5BA};Röhkömukka Varkaankurulle kävijälaskuri (kesä);J. Ylläsjärvi;EcoCounter;7500782;381166
263579;1099;238;29/07/2013 09:00;29/07/2013 10:00;0;190927;Varkaankuru 2013;12/07/2013 00:00;34361;273;800;800022;{47664E5F-0E50-4F64-B000-77D8A61BC5BA};Röhkömukka Varkaankurulle kävijälaskuri (kesä);J. Ylläsjärvi;EcoCounter;7500782;381166
263584;1099;243;29/07/2013 14:00;29/07/2013 15:00;0;190927;Varkaankuru 2013;12/07/2013 00:00;34361;273;800;800022;{47664E5F-0E50-4F64-B000-77D8A61BC5BA};Röhkömukka Varkaankurulle kävijälaskuri (kesä);J. Ylläsjärvi;EcoCounter;7500782;381166
263586;1099;245;29/07/2013 16:00;29/07/2013 17:00;0;190927;Varkaankuru 2013;12/07/2013 00:00;34361;273;800;800022;{47664E5F-0E50-4F64-B000-77D8A61BC5BA};Röhkömukka Varkaankurulle kävijälaskuri (kesä);J. Ylläsjärvi;EcoCounter;7500782;381166
263588;1099;247;29/07/2013 18:00;29/07/2013 19:00;0;190927;Varkaankuru 2013;12/07/2013 00:00;34361;273;800;800022;{47664E5F-0E50-4F64-B000-77D8A61BC5BA};Röhkömukka Varkaankurulle kävijälaskuri (kesä);J. Ylläsjärvi;EcoCounter;7500782;381166
263590;1099;249;29/07/2013 20:00;29/07/2013 21:00;0;190927;Varkaankuru 2013;12/07/2013 00:00;34361;273;800;800022;{47664E5F-0E50-4F64-B000-77D8A61BC5BA};Röhkömukka Varkaankurulle kävijälaskuri (kesä);J. Ylläsjärvi;EcoCounter;7500782;381166
263591;1099;250;29/07/2013 21:00;29/07/2013 22:00;0;190927;Varkaankuru 2013;12/07/2013 00:00;34361;273;800;800022;{47664E5F-0E50-4F64-B000-77D8A61BC5BA};Röhkömukka Varkaankurulle kävijälaskuri (kesä);J. Ylläsjärvi;EcoCounter;7500782;381166
263592;1099;251;29/07/2013 22:00;29/07/2013 23:00;0;190927;Varkaankuru 2013;12/07/2013 00:00;34361;273;800;800022;{47664E5F-0E50-4F64-B000-77D8A61BC5BA};Röhkömukka Varkaankurulle kävijälaskuri (kesä);J. Ylläsjärvi;EcoCounter;7500782;381166
263593;1099;252;29/07/2013 23:00;30/07/2013 00:00;0;190927;Varkaankuru 2013;12/07/2013 00:00;34361;273;800;800022;{47664E5F-0E50-4F64-B000-77D8A61BC5BA};Röhkömukka Varkaankurulle kävijälaskuri (kesä);J. Ylläsjärvi;EcoCounter;7500782;381166
263594;1099;253;30/07/2013 00:00;30/07/2013 01:00;0;190927;Varkaankuru 2013;12/07/2013 00:00;34361;273;800;800022;{47664E5F-0E50-4F64-B000-77D8A61BC5BA};Röhkömukka Varkaankurulle kävijälaskuri (kesä);J. Ylläsjärvi;EcoCounter;7500782;381166
263595;1099;254;30/07/2013 01:00;30/07/2013 02:00;0;190927;Varkaankuru 2013;12/07/2013 00:00;34361;273;800;800022;{47664E5F-0E50-4F64-B000-77D8A61BC5BA};Röhkömukka Varkaankurulle kävijälaskuri (kesä);J. Ylläsjärvi;EcoCounter;7500782;381166
263596;1099;255;30/07/2013 02:00;30/07/2013 03:00;0;190927;Varkaankuru 2013;12/07/2013 00:00;34361;273;800;800022;{47664E5F-0E50-4F64-B000-77D8A61BC5BA};Röhkömukka Varkaankurulle kävijälaskuri (kesä);J. Ylläsjärvi;EcoCounter;7500782;381166
263597;1099;256;30/07/2013 03:00;30/07/2013 04:00;0;190927;Varkaankuru 2013;12/07/2013 00:00;34361;273;800;800022;{47664E5F-0E50-4F64-B000-77D8A61BC5BA};Röhkömukka Varkaankurulle kävijälaskuri (kesä);J. Ylläsjärvi;EcoCounter;7500782;381166
263598;1099;257;30/07/2013 04:00;30/07/2013 05:00;0;190927;Varkaankuru 2013;12/07/2013 00:00;34361;273;800;800022;{47664E5F-0E50-4F64-B000-77D8A61BC5BA};Röhkömukka Varkaankurulle kävijälaskuri (kesä);J. Ylläsjärvi;EcoCounter;7500782;381166
263599;1099;258;30/07/2013 05:00;30/07/2013 06:00;0;190927;Varkaankuru 2013;12/07/2013 00:00;34361;273;800;800022;{47664E5F-0E50-4F64-B000-77D8A61BC5BA};Röhkömukka Varkaankurulle kävijälaskuri (kesä);J. Ylläsjärvi;EcoCounter;7500782;381166
263600;1099;259;30/07/2013 06:00;30/07/2013 07:00;0;190927;Varkaankuru 2013;12/07/2013 00:00;34361;273;800;800022;{47664E5F-0E50-4F64-B000-77D8A61BC5BA};Röhkömukka Varkaankurulle kävijälaskuri (kesä);J. Ylläsjärvi;EcoCounter;7500782;381166
263601;1099;260;30/07/2013 07:00;30/07/2013 08:00;0;190927;Varkaankuru 2013;12/07/2013 00:00;34361;273;800;800022;{47664E5F-0E50-4F64-B000-77D8A61BC5BA};Röhkömukka Varkaankurulle kävijälaskuri (kesä);J. Ylläsjärvi;EcoCounter;7500782;381166
263602;1099;261;30/07/2013 08:00;30/07/2013 09:00;0;190927;Varkaankuru 2013;12/07/2013 00:00;34361;273;800;800022;{47664E5F-0E50-4F64-B000-77D8A61BC5BA};Röhkömukka Varkaankurulle kävijälaskuri (kesä);J. Ylläsjärvi;EcoCounter;7500782;381166
263604;1099;263;30/07/2013 10:00;30/07/2013 11:00;0;190927;Varkaankuru 2013;12/07/2013 00:00;34361;273;800;800022;{47664E5F-0E50-4F64-B000-77D8A61BC5BA};Röhkömukka Varkaankurulle kävijälaskuri (kesä);J. Ylläsjärvi;EcoCounter;7500782;381166
263610;1099;269;30/07/2013 16:00;30/07/2013 17:00;0;190927;Varkaankuru 2013;12/07/2013 00:00;34361;273;800;800022;{47664E5F-0E50-4F64-B000-77D8A61BC5BA};Röhkömukka Varkaankurulle kävijälaskuri (kesä);J. Ylläsjärvi;EcoCounter;7500782;381166
263613;1099;272;30/07/2013 19:00;30/07/2013 20:00;0;190927;Varkaankuru 2013;12/07/2013 00:00;34361;273;800;800022;{47664E5F-0E50-4F64-B000-77D8A61BC5BA};Röhkömukka Varkaankurulle kävijälaskuri (kesä);J. Ylläsjärvi;EcoCounter;7500782;381166
263614;1099;273;30/07/2013 20:00;30/07/2013 21:00;0;190927;Varkaankuru 2013;12/07/2013 00:00;34361;273;800;800022;{47664E5F-0E50-4F64-B000-77D8A61BC5BA};Röhkömukka Varkaankurulle kävijälaskuri (kesä);J. Ylläsjärvi;EcoCounter;7500782;381166
263615;1099;274;30/07/2013 21:00;30/07/2013 22:00;0;190927;Varkaankuru 2013;12/07/2013 00:00;34361;273;800;800022;{47664E5F-0E50-4F64-B000-77D8A61BC5BA};Röhkömukka Varkaankurulle kävijälaskuri (kesä);J. Ylläsjärvi;EcoCounter;7500782;381166
263616;1099;275;30/07/2013 22:00;30/07/2013 23:00;0;190927;Varkaankuru 2013;12/07/2013 00:00;34361;273;800;800022;{47664E5F-0E50-4F64-B000-77D8A61BC5BA};Röhkömukka Varkaankurulle kävijälaskuri (kesä);J. Ylläsjärvi;EcoCounter;7500782;381166
263617;1099;276;30/07/2013 23:00;31/07/2013 00:00;0;190927;Varkaankuru 2013;12/07/2013 00:00;34361;273;800;800022;{47664E5F-0E50-4F64-B000-77D8A61BC5BA};Röhkömukka Varkaankurulle kävijälaskuri (kesä);J. Ylläsjärvi;EcoCounter;7500782;381166
263618;1099;277;31/07/2013 00:00;31/07/2013 01:00;0;190927;Varkaankuru 2013;12/07/2013 00:00;34361;273;800;800022;{47664E5F-0E50-4F64-B000-77D8A61BC5BA};Röhkömukka Varkaankurulle kävijälaskuri (kesä);J. Ylläsjärvi;EcoCounter;7500782;381166
263619;1099;278;31/07/2013 01:00;31/07/2013 02:00;0;190927;Varkaankuru 2013;12/07/2013 00:00;34361;273;800;800022;{47664E5F-0E50-4F64-B000-77D8A61BC5BA};Röhkömukka Varkaankurulle kävijälaskuri (kesä);J. Ylläsjärvi;EcoCounter;7500782;381166
263620;1099;279;31/07/2013 02:00;31/07/2013 03:00;0;190927;Varkaankuru 2013;12/07/2013 00:00;34361;273;800;800022;{47664E5F-0E50-4F64-B000-77D8A61BC5BA};Röhkömukka Varkaankurulle kävijälaskuri (kesä);J. Ylläsjärvi;EcoCounter;7500782;381166
263621;1099;280;31/07/2013 03:00;31/07/2013 04:00;0;190927;Varkaankuru 2013;12/07/2013 00:00;34361;273;800;800022;{47664E5F-0E50-4F64-B000-77D8A61BC5BA};Röhkömukka Varkaankurulle kävijälaskuri (kesä);J. Ylläsjärvi;EcoCounter;7500782;381166
263622;1099;281;31/07/2013 04:00;31/07/2013 05:00;0;190927;Varkaankuru 2013;12/07/2013 00:00;34361;273;800;800022;{47664E5F-0E50-4F64-B000-77D8A61BC5BA};Röhkömukka Varkaankurulle kävijälaskuri (kesä);J. Ylläsjärvi;EcoCounter;7500782;381166
263623;1099;282;31/07/2013 05:00;31/07/2013 06:00;0;190927;Varkaankuru 2013;12/07/2013 00:00;34361;273;800;800022;{47664E5F-0E50-4F64-B000-77D8A61BC5BA};Röhkömukka Varkaankurulle kävijälaskuri (kesä);J. Ylläsjärvi;EcoCounter;7500782;381166
263624;1099;283;31/07/2013 06:00;31/07/2013 07:00;0;190927;Varkaankuru 2013;12/07/2013 00:00;34361;273;800;800022;{47664E5F-0E50-4F64-B000-77D8A61BC5BA};Röhkömukka Varkaankurulle kävijälaskuri (kesä);J. Ylläsjärvi;EcoCounter;7500782;381166
263625;1099;284;31/07/2013 07:00;31/07/2013 08:00;0;190927;Varkaankuru 2013;12/07/2013 00:00;34361;273;800;800022;{47664E5F-0E50-4F64-B000-77D8A61BC5BA};Röhkömukka Varkaankurulle kävijälaskuri (kesä);J. Ylläsjärvi;EcoCounter;7500782;381166
